frame,frameTime,fps,cpuFrameTime,mainThreadTime,gpuFrameTime,drawCalls,batches,setPassCalls,triangles,gcAlloc,totalMemory,vramUsage,shadowCasters,savedByBatching
0,5124.41968917847,0.195144047649289,0,0,0,0,0,0,0,0,0,0,0,0
1,1305.62472343445,0.765916868799404,0,0,0,0,0,0,0,6.39081192016602,7481.02142620087,3615.91231632233,0,0
2,116.363100707531,8.59378955974555,0,679.7462,0,56576,43773,210,974291806,5.0662317276001,7511.0940246582,3612.94069766998,32000,0
3,202.97859609127,4.92662782804126,0,106.6694,0,130145,117250,410,2298047283,0.630427360534668,7483.36641407013,3614.08411121368,62803,0
4,415.046900510788,2.40936626383506,0,600.7231,0,122323,100947,404,2060497809,0.509482383728027,7393.45368289948,3523.51677036285,64000,0
5,18.0835034698248,55.2990188913702,0,18.2863,0.065536,0,0,0,0,0.063166618347168,7393.59765338898,3523.54988193512,0,0
6,205.517694354057,4.86576108759396,0,17.7185,0,63369,54184,205,1119317887,0.0588006973266602,7392.74778652191,3522.57898807526,32000,0
7,205.291301012039,4.87112700377575,0,202.9859,203.815936,63970,55828,205,1147653685,0.0588006973266602,7423.71159172058,3522.65871524811,31972,0
8,204.769507050514,4.88353961683031,0,206.7738,204.292096,64308,59240,205,1118439012,0.060847282409668,7393.42473316193,3521.72186756134,32000,0
9,205.12330532074,4.87511644976838,0,205.1566,204.157952,64006,55686,205,1099295104,0.0603666305541992,7393.61792087555,3521.82896518707,32000,0
10,204.761996865273,4.88371873350098,0,205.6759,205.09184,63971,55151,205,1108075287,0.0609464645385742,7393.7743768692,3521.86287784576,32000,0
11,204.763308167458,4.88368745821488,0,206.4012,204.73344,63379,54797,205,1123910406,0.0594015121459961,7393.83389949799,3521.8919839859,32000,0
12,205.831795930862,4.8583358828385,0,202.8351,205.093888,63542,55416,205,1085988583,0.0609540939331055,7393.91060352325,3521.92589664459,32000,0
13,204.691901803017,4.88539112290989,0,206.6421,204.663808,63038,52989,205,1122490219,0.0586423873901367,7394.03220272064,3521.95622348785,32000,0
14,204.880997538567,4.88088213164699,0,204.7272,204.624896,62621,53756,205,1069135927,0.0586423873901367,7400.90013504028,3521.9829492569,32000,0
15,205.152899026871,4.87441320470456,0,206.0229,205.208576,64319,56068,205,1139007500,0.0586423873901367,7401.00576591492,3522.01710605621,32000,0
16,206.588894128799,4.84053126000347,0,204.3655,204.89216,62436,54675,205,1068766180,0.0609540939331055,7401.05130386353,3522.01917362213,32000,0
17,206.829503178596,4.83490016961702,0,206.2477,204.555264,63690,55122,205,1063450273,0.0623350143432617,7394.35316944122,3522.07890415192,32000,0
18,206.194803118706,4.84978275337183,0,208.2975,204.635136,62346,54352,205,1060833542,0.0594015121459961,7394.43493938446,3522.11056613922,32000,0
19,206.027999520302,4.8537092158751,0,204.2609,206.278656,64107,55644,205,1063159374,0.0594015121459961,7394.47491931915,3522.13978672028,32000,0
20,206.361994147301,4.84585354067766,0,206.4213,206.291968,61161,51152,205,994668145,0.0608091354370117,7394.54762363434,3522.17356586456,32000,0
21,206.303209066391,4.84723434272022,0,206.6427,205.857792,64256,56671,205,1049526629,0.0586423873901367,7401.41473007202,3522.2026720047,32000,0
22,206.475004553795,4.84320124927984,0,205.8442,205.671424,62823,54495,205,1081741151,0.0609540939331055,7394.68137073517,3522.23658466339,32000,0
23,206.45859837532,4.84358611299929,0,206.7873,206.016512,63053,53587,205,1086495996,0.0586423873901367,7394.77816486359,3522.26702594757,32000,0
24,205.967113375664,4.85514402571685,0,205.9771,205.775872,63018,54328,205,1078313364,0.0617132186889648,7394.8869638443,3522.29960346222,32000,0
25,206.446692347527,4.84386544840655,0,205.7835,206.128128,63963,55757,205,1098920893,0.0586423873901367,7394.93269062042,3522.32993030548,32000,0
26,207.221105694771,4.82576326695681,0,207.3506,206.077952,62852,53793,205,1115430082,0.0670537948608398,7395.05960559845,3522.36262226105,32000,0
27,206.729501485825,4.83723896595653,0,206.7296,205.438976,63120,54555,205,1084456741,0.0586423873901367,7395.12148189545,3522.39294910431,32000,0
28,206.850901246071,4.83440001458053,0,210.2251,205.924352,64501,56200,205,1120617470,0.061030387878418,7395.26939296722,3522.46973896027,32000,0
29,225.302904844284,4.43846918303668,0,204.5943,206.631936,69014,62701,212,1167139081,0.0587186813354492,7402.85289001465,3522.53147602081,40072,0
30,235.361397266388,4.24878510925976,0,224.6134,206.365696,74157,62800,210,1225960438,0.061030387878418,7403.45875644684,3522.59914875031,44838,0
31,240.938395261765,4.15043853393961,0,235.6731,206.507008,77138,65829,216,1263263983,0.0587186813354492,7395.81448936462,3522.66021442413,47512,0
32,246.677607297897,4.05387424887887,0,241.4051,224.919552,76224,64352,216,1253525464,0.061030387878418,7403.75555324554,3522.66216754913,48996,0
33,250.414311885834,3.99338197752814,0,246.8724,234.979328,80296,70853,216,1430044809,0.0660734176635742,7396.06186580658,3522.72311878204,49960,0
34,250.335097312927,3.99464561994664,0,249.1334,240.508928,77270,65144,215,1315426938,0.061030387878418,7396.12462997437,3522.67768573761,50423,0
35,253.495395183563,3.94484483347665,0,250.6806,246.23616,78290,67905,215,1409548621,0.0587186813354492,7396.31954193115,3522.78625202179,50596,0
36,253.793895244598,3.94020509845689,0,253.8062,249.73312,79210,68495,215,1405291260,0.061030387878418,7396.32334899902,3522.74070453644,50586,0
37,253.496408462524,3.94482906509437,0,253.3653,249.913344,78938,68950,214,1377664324,0.0587186813354492,7396.52938461304,3522.84927082062,50304,0
38,254.89729642868,3.92314871130772,0,252.8639,253.04064,74305,61617,209,1365189540,0.061030387878418,7396.59695053101,3522.80372333527,49841,0
39,253.134608268738,3.95046732977089,0,255.6581,253.371392,76630,66380,211,1339493496,0.0587186813354492,7396.76132583618,3522.91228961945,49314,0
40,253.148406744003,3.95025199985261,0,252.9213,253.06112,74990,63953,210,1354305804,0.061030387878418,7396.71984672546,3522.86674213409,48621,0
41,252.479612827301,3.96071583286216,0,252.2077,254.196736,76318,66858,218,1409198931,0.0587186813354492,7396.8783416748,3522.97530841827,47871,0
42,252.475708723068,3.96077707854606,0,253.5316,252.70784,70118,60074,222,1294529383,0.061030387878418,7396.93525123596,3522.92976093292,46978,0
43,249.627903103828,4.0059624247377,0,251.4969,252.730368,72416,61629,228,1398024416,0.0587186813354492,7397.13422966003,3523.0383272171,45909,0
44,248.966902494431,4.01659815011905,0,249.237,252.020736,66080,57836,228,1328871653,0.061030387878418,7397.19206428528,3523.04046344757,44758,0
45,244.54890191555,4.08916168572832,0,248.8166,251.864064,70873,61713,228,1348534526,0.0587186813354492,7406.14706802368,3523.10134601593,43515,0
46,244.036793708801,4.09774274117557,0,244.5962,249.156608,67546,58011,224,1261899267,0.061030387878418,7397.39004707336,3523.05579853058,42141,0
47,238.107904791832,4.19977657135852,0,243.4434,248.30976,64422,55202,228,1275721250,0.0587186813354492,7407.13436317444,3523.1605348587,40611,0
48,233.644902706146,4.27999921426787,0,238.3171,244.165632,64230,55211,234,1242167965,0.061030387878418,7397.58511161804,3523.11881732941,39027,0
49,230.511501431465,4.33817832858686,0,232.8664,243.659776,63037,54300,238,1272924033,0.0587186813354492,7397.73473548889,3523.22738361359,37331,0
50,224.721297621727,4.4499565042709,0,230.5697,237.75232,58630,49562,240,1175128745,0.061030387878418,7398.63783454895,3523.18183612823,35567,0
51,219.377502799034,4.5583525532063,0,224.2119,233.295872,58369,50695,244,1196062876,0.0587186813354492,7409.61821365356,3523.25996112823,33627,0
52,210.379600524902,4.75331257167984,0,219.425,230.162432,56789,49857,248,1165298006,0.061030387878418,7399.06481170654,3523.24485492706,31302,0
53,202.400296926498,4.94070421429841,0,209.7045,224.372736,54024,47565,236,1060892923,0.0587186813354492,7399.25312423706,3523.35342121124,28819,0
54,196.187108755112,5.09717486712258,0,202.6183,219.052032,49847,40865,235,985240306,0.0608854293823242,7399.35625267029,3523.30774021149,27216,0
55,193.491503596306,5.16818558651736,0,195.7369,210.045952,51639,45171,237,990958406,0.0585737228393555,7399.44780731201,3523.41617298126,26424,0
56,193.332493305206,5.17243626719974,0,194.4408,202.0864,49209,41433,237,1032062321,0.0609807968139648,7399.50647544861,3523.41617298126,25714,0
57,192.962110042572,5.18236455737023,0,192.4149,195.620864,50177,43663,234,1020795695,0.0587186813354492,7399.63230514526,3523.47919178009,25038,0
58,190.851703286171,5.23967029259654,0,192.9815,193.470464,47975,40629,226,963957125,0.0608358383178711,7399.6530456543,3523.43351078033,24334,0
59,188.19560110569,5.31362047850631,0,190.9423,193.068032,48217,41250,225,990701213,0.0586118698120117,7399.84792709351,3523.55958271027,23578,0
60,186.935991048813,5.34942465808459,0,187.9514,192.636928,46556,39479,225,913577604,0.0608358383178711,7399.86985778809,3523.51390171051,22834,0
61,185.028597712517,5.40456995493055,0,186.6609,190.583808,46771,39154,225,926016524,0.0585737228393555,7400.01165008545,3523.62233448029,22052,0
62,182.968899607658,5.4654097070284,0,184.1094,187.937792,45418,38977,219,934999720,0.0608358383178711,7400.06593322754,3523.62233448029,21370,0
63,182.638511061668,5.47529649791301,0,183.1032,186.611712,44519,37658,218,925475642,0.0585737228393555,7400.14841079712,3523.68508625031,20724,0
64,180.965602397919,5.52591203383025,0,183.415,184.64256,44239,38952,208,941633576,0.0608358383178711,7400.02731323242,3523.63940525055,20098,0
65,176.93629860878,5.65175155048925,0,180.0066,182.747136,44119,38717,207,899041817,0.0732526779174805,7408.46323108673,3523.71753025055,19483,0
66,175.285398960114,5.70498173796867,0,177.2994,182.088704,42077,36433,198,876034041,0.0608358383178711,7400.18748092651,3523.70215702057,18908,0
67,172.814100980759,5.78656483657743,0,175.0445,180.967424,42311,36752,199,867829577,0.0585737228393555,7400.35400009155,3523.81058979034,18439,0
68,172.967806458473,5.78142268480513,0,172.9417,176.697344,40458,34850,207,849929255,0.0608739852905273,7400.39964294434,3523.76490879059,17988,0
69,171.517804265022,5.83029851790104,0,172.1354,174.947328,41344,36160,207,893157647,0.0701627731323242,7400.57261657715,3523.87334156036,17511,0
70,170.488998293877,5.86548111612617,0,171.691,172.460032,39145,33902,210,819395154,0.0608739852905273,7400.60519599915,3523.82766056061,17099,0
71,169.233292341232,5.90900281005972,0,170.0156,172.74368,38153,31983,221,797206375,0.0586118698120117,7400.730052948,3523.93227481842,16663,0
72,166.22069478035,6.01609806361018,0,169.345,171.254784,32843,31268,215,795134524,0.0608739852905273,7400.78421592712,3523.89041233063,16182,0
73,161.750093102455,6.1823766578396,0,165.999,170.235904,37060,32052,217,840663690,0.0586118698120117,7400.94086265564,3523.9988451004,15778,0
74,155.778810381889,6.41935830392154,0,161.1583,169.028608,35168,30261,217,735684725,0.0607290267944336,7410.22167682648,3523.9988451004,15388,0
75,153.617292642593,6.50968379143749,0,156.2184,166.022144,35932,30889,218,783564619,0.058466911315918,7401.16515541077,3524.06132984161,15054,0
76,150.332808494568,6.65190792358631,0,153.2045,161.483776,35739,31547,211,793031505,0.0608739852905273,7401.26741981506,3524.09377384186,14697,0
77,147.699296474457,6.7705129534787,0,149.9361,155.588608,35379,31247,215,769298512,0.058466911315918,7401.34846115112,3524.12394809723,14456,0
78,145.104795694351,6.89157098643659,0,147.5873,153.399296,33252,28470,225,665981965,0.060643196105957,7401.36728286743,3524.07813358307,14178,0
79,141.51519536972,7.06637896649484,0,145.056,150.131712,33400,28815,221,713054171,0.058466911315918,7401.51933288574,3524.18643283844,13931,0
80,135.726898908615,7.367736300181,0,141.3464,147.46624,32438,27663,216,698482990,0.0583314895629883,7401.59024620056,3524.21280002594,13693,0
81,131.842896342278,7.58478482908854,0,135.6765,144.909312,32080,27755,215,690914853,0.0607786178588867,7401.6595993042,3524.21856021881,13480,0
82,132.441312074661,7.55051414347412,0,131.3706,141.237248,31533,27179,215,670108318,0.0583314895629883,7410.95398902893,3524.24891757965,13285,0
83,134.645700454712,7.42689886585981,0,132.3687,135.532544,30843,26401,212,712793961,0.0584287643432617,7401.63935470581,3524.30926609039,13083,0
84,132.356703281403,7.55534079655873,0,134.6649,131.639296,30342,26131,215,638097081,0.060643196105957,7401.5408744812,3524.26345157623,12890,0
85,130.65031170845,7.65401924360905,0,132.1821,132.221951,30238,26066,214,643263817,0.058466911315918,7401.70636749268,3524.3717508316,12671,0
86,128.377288579941,7.78953980927318,0,130.3965,134.452224,28076,23687,215,633659309,0.0583314895629883,7401.78823852539,3524.40192508698,12462,0
87,123.888902366161,8.07174800083738,0,128.3069,132.166655,29104,25623,218,624706903,0.0615377426147461,7401.85807037354,3524.40192508698,12303,0
88,124.922700226307,8.00495024673998,0,124.0112,130.492415,28415,23834,218,619630957,0.058293342590332,7401.97878646851,3524.46440982819,12169,0
89,118.583001196384,8.43291188375227,0,124.6995,128.13824,28566,25199,203,606804064,0.058466911315918,7410.83204460144,3524.46440982819,11954,0
90,115.264199674129,8.67572067326335,0,118.5376,123.73504,27248,23099,206,567673592,0.060643196105957,7402.09510421753,3524.4487695694,11748,0
91,114.804103970528,8.71049000353436,0,114.8331,124.739584,27060,23405,203,583296805,0.058466911315918,7402.24505615234,3524.55706882477,11574,0
92,112.690202891827,8.87388587772726,0,114.449,118.157312,26199,22457,201,549805271,0.0583314895629883,7402.34003448486,3524.58724308014,11386,0
93,112.620696425438,8.87936260154512,0,112.872,115.336192,26362,23350,210,610189587,0.0607786178588867,7402.36940765381,3524.54142856598,11216,0
94,112.409703433514,8.8960291634562,0,112.3449,114.6368,24785,20758,210,554754081,0.0583314895629883,7402.52225112915,3524.64972782135,11046,0
95,110.901802778244,9.01698597271291,0,112.5141,112.538624,25335,22397,209,544543644,0.0584287643432617,7402.60885238647,3524.67990207672,10861,0
96,108.5254997015,9.21442428508052,0,110.6962,112.423936,24699,21546,194,552689308,0.0606050491333008,7402.6145362854,3524.63408756256,10681,0
97,109.210602939129,9.15662008163597,0,108.1012,112.228352,23577,20033,194,526227888,0.058466911315918,7402.78103637695,3524.74238681793,10463,0
98,102.676801383495,9.73929832762344,0,109.5738,110.76096,22655,19293,194,507645125,0.0583314895629883,7402.84931945801,3524.7725610733,10257,0
99,101.229101419449,9.87858220588603,0,102.2245,108.362752,23217,20086,194,506220385,0.0607786178588867,7402.85321044922,3524.72674655914,10087,0
100,99.9898016452789,10.0010199394892,0,101.1263,109.058048,22655,19665,198,493642029,0.0581941604614258,7402.97589111328,3524.83491230011,9949,0
101,99.9035984277725,10.0096494594534,0,100.0071,102.540288,22697,20179,198,508230012,0.0583295822143555,7411.62323665619,3524.8611574173,9836,0
102,99.5229929685593,10.0479293294155,0,99.9586,101.090304,21440,18534,194,470087466,0.060338020324707,7403.11809062958,3524.81887149811,9672,0
103,99.431000649929,10.0572255480033,0,99.7364,99.807232,21627,18957,195,488887895,0.0581426620483398,7403.14863300323,3524.84877872467,9544,0
104,98.6094996333122,10.1410107922521,0,98.7088,99.74272,20333,17232,200,472154547,0.0580682754516602,7412.01456832886,3524.92690372467,9415,0
105,98.1748998165131,10.1859029331222,0,99.0612,99.349504,20275,16979,195,473681333,0.0581045150756836,7403.42343044281,3524.98293399811,9304,0
106,98.6910983920097,10.1326261060335,0,97.536,99.064832,20578,18025,196,521477730,0.0602006912231445,7403.47892093658,3525.01862812042,9174,0
107,95.0040966272354,10.5258618891317,0,98.7818,98.71872,20242,17567,199,481380162,0.0580549240112305,7403.54771137238,3525.04840183258,9080,0
108,92.3763066530228,10.825286658798,0,94.7981,98.029568,19427,16273,191,449175437,0.0579195022583008,7403.34333133698,3525.07817554474,8964,0
109,92.5844982266426,10.8009442093864,0,92.3453,98.562048,20184,17827,192,472071212,0.0579671859741211,7403.42329120636,3525.1079492569,8857,0
110,87.4902009963989,11.4298514417764,0,92.4748,94.876672,19217,16334,188,435367442,0.0602807998657227,7412.28585910797,3525.1079492569,8727,0
111,85.9647020697594,11.6326815067481,0,87.4846,92.244992,19659,17534,194,400584761,0.0579671859741211,7403.54897594452,3525.16843128204,8634,0
112,84.9190950393677,11.7759144693712,0,85.9326,92.440576,18764,15916,195,412826065,0.0579195022583008,7403.59225940704,3525.19940662384,8561,0
113,81.5001949667931,12.2699092978544,0,84.8894,87.335936,19136,16897,193,386464190,0.0580549240112305,7412.46161746979,3525.19940662384,8454,0
114,81.1040997505188,12.3298329317021,0,81.3341,85.798912,18451,16182,193,360276024,0.0602312088012695,7412.16928291321,3525.231133461,8341,0
115,80.3714022040367,12.4422365739163,0,80.7367,84.753408,18375,16038,188,363252077,0.0579671859741211,7403.83965778351,3525.29086399078,8247,0
116,80.7507038116455,12.383792992474,0,80.301,81.385472,18048,15737,183,369453972,0.0579690933227539,7403.91711521149,3525.32063770294,8158,0
117,80.4741978645325,12.4263431824865,0,80.8776,80.982016,17380,14920,183,375706820,0.0579671859741211,7403.99520587921,3525.3504114151,8077,0
118,78.8685008883476,12.6793331778384,0,80.7353,80.252928,17681,15428,181,347746872,0.0601930618286133,7403.99385166168,3525.30419635773,8031,0
119,78.3380940556526,12.7651816406152,0,78.4681,80.37888,17284,14776,184,348552872,0.0580549240112305,7404.15808963776,3525.41209506989,7967,0
120,78.0986025929451,12.8043264130098,0,78.3428,80.633856,16679,14157,184,299665340,0.0578813552856445,7412.80336093903,3525.44186878204,7878,0
121,78.0102983117104,12.8188203563104,0,77.9658,78.758912,17392,15462,191,376694850,0.0578680038452148,7404.36098957062,3525.4715089798,7799,0
122,77.8938010334969,12.8379920703827,0,78.1835,78.19264,16940,14511,187,367415481,0.0601434707641602,7412.9764957428,3525.4715089798,7752,0
123,77.2252008318901,12.9491408144976,0,77.66,77.974528,17207,15413,189,363013598,0.0578298568725586,7404.51825809479,3525.53292560577,7699,0
124,76.3429030776024,13.0987945137939,0,77.2803,77.910016,16733,14693,185,333278374,0.057744026184082,7412.74828910828,3525.53292560577,7626,0
125,76.183594763279,13.1261855404335,0,76.1684,77.776896,16883,14977,177,365404011,0.0578794479370117,7404.6698846817,3525.59220600128,7545,0
126,75.7819041609764,13.1957623798393,0,76.8076,77.08672,16026,14092,180,358313361,0.0600557327270508,7404.6708612442,3525.5458574295,7490,0
127,76.1510953307152,13.1317874766885,0,75.163,76.20096,16314,14242,179,368933849,0.0578680038452148,7404.81863117218,3525.65362262726,7400,0
128,75.8484974503517,13.1841767947291,0,76.0923,76.05248,15947,13668,182,356314028,0.0577936172485352,7404.90602588654,3525.68326282501,7328,0
129,73.0895027518272,13.6818552917984,0,75.8692,75.63776,15987,13980,177,325851078,0.0871572494506836,7405.01472187042,3525.71290302277,7233,0
130,72.6032927632332,13.7734799888636,0,72.9163,76.000256,15257,13227,175,322008802,0.0600557327270508,7405.04340076447,3525.66655445099,7204,0
131,71.0907056927681,14.0665364094385,0,72.45,75.691008,15460,13291,178,327941985,0.0578317642211914,7405.18741703033,3525.77431964874,7135,0
132,69.9964985251427,14.286428908166,0,70.985,73.014272,15301,13171,176,334058545,0.0578680038452148,7412.79763507843,3525.80385684967,7083,0
133,69.8069036006927,14.3252307210211,0,69.9931,72.484864,15459,13621,175,320513899,0.057744026184082,7405.29634189606,3525.83360004425,6995,0
134,69.1505968570709,14.4611911603153,0,70.2416,70.979584,15059,13177,174,315792868,0.0578317642211914,7405.00637149811,3525.863240242,6933,0
135,69.4423019886017,14.40044427335,0,69.1247,69.89824,14948,12973,174,309104875,0.0601415634155273,7404.7202539444,3525.81689167023,6882,0
136,69.0112933516502,14.4903819568263,0,69.2493,69.679104,14827,13117,174,332952254,0.0577821731567383,7404.88000965118,3525.92465686798,6790,0
137,67.5750002264977,14.7983721294592,0,68.767,69.052416,14709,12961,174,318193760,0.0577936172485352,7405.21661472321,3525.95419406891,6729,0
138,66.8566077947617,14.9573846622585,0,67.5891,69.35552,14355,12832,175,308171657,0.0578298568725586,7405.03607654572,3525.98393726349,6688,0
139,65.9448951482773,15.1641760556522,0,66.6423,68.911104,14162,12307,174,306989619,0.0577821731567383,7412.65239048004,3526.01357746124,6655,0
140,66.6439980268478,15.0051021788511,0,65.9973,67.467264,14141,12256,174,315386428,0.0601053237915039,7405.18410587311,3526.04535388947,6596,0
141,66.5020048618317,15.037140640762,0,66.593,66.747392,14158,12442,174,314184223,0.0578680038452148,7405.25170993805,3526.07499408722,6541,0
142,65.6962990760803,15.2215575924899,0,66.6334,65.827839,13796,11820,173,318570130,0.057744026184082,7405.32374668121,3526.10463428497,6498,0
143,65.8420026302338,15.1878733946773,0,65.6254,66.5344,13585,11871,173,317707206,0.057744026184082,7405.40145969391,3526.13427448273,6430,0
144,65.4966980218887,15.2679452583366,0,65.6124,66.38592,13843,9234,174,326307580,0.0577802658081055,7405.47295093536,3526.16378116608,6372,0
145,65.3043016791344,15.3129269326451,0,65.8196,65.616896,13743,12081,174,335190795,0.0600557327270508,7405.47012042999,3526.1174325943,6312,0
146,65.5480995774269,15.2559724301202,0,65.1948,65.713151,13326,11714,173,336144916,0.057744026184082,7405.6213312149,3526.22519779205,6272,0
147,62.9111975431442,15.8954214679224,0,65.2964,65.16736,13340,11698,167,315345454,0.0578680038452148,7412.9918012619,3526.25119876862,6217,0
148,60.3211037814617,16.5779459809442,0,63.2325,65.434624,13311,11814,166,291256948,0.0578317642211914,7405.68220996857,3526.20635318756,6114,0
149,60.2010004222393,16.6110196339957,0,60.259,65.41824,13254,11844,170,291263035,0.057744026184082,7405.83570194244,3526.29849338531,6063,0
150,59.7267001867294,16.7429306637333,0,59.9669,62.778368,12565,10760,174,282524860,0.0601415634155273,7405.84432315826,3526.26776981354,5993,0
151,59.8517991602421,16.7079355011983,0,59.712,60.20608,12741,11089,181,282637711,0.0577821731567383,7405.98289203644,3526.37553501129,5942,0
152,56.4421974122524,17.7172407497891,0,59.7721,60.073984,12745,11059,181,281492419,0.0578317642211914,7406.05014514923,3526.40517520905,5887,0
153,56.6876009106636,17.6405419163168,0,56.6936,59.588608,12650,11069,181,261869796,0.0578680038452148,7406.04917621613,3526.4191904068,5842,0
154,56.0775995254517,17.8324323519971,0,56.7714,59.764736,12207,10611,181,258551482,0.057744026184082,7406.12234973907,3526.46445560455,5772,0
155,54.7461025416851,18.2661404844039,0,55.585,56.3712,12322,10680,180,268052320,0.057744026184082,7405.8972902298,3526.49409580231,5715,0
156,54.2527996003628,18.4322285184581,0,55.0376,56.590336,12172,10586,179,250983136,0.0601911544799805,7405.898686409,3526.44774723053,5662,0
157,52.6304990053177,19.00038986708,0,53.9026,55.964672,12158,10753,178,253180907,0.057744026184082,7406.04439640045,3526.55551242828,5628,0
158,52.751000970602,18.9569862486078,0,52.6999,54.67136,11996,10422,180,242475907,0.0577821731567383,7406.12915897369,3526.56952762604,5590,0
159,51.3445027172565,19.4762817259482,0,52.6646,54.151168,12057,10772,175,244060023,0.0578298568725586,7406.19677829742,3526.61479282379,5528,0
160,51.7876967787743,19.3096056052035,0,51.3942,52.553728,11927,10585,177,259487635,0.0577936172485352,7406.26695156097,3526.64323139191,5488,0
161,51.8248006701469,19.295780920891,0,51.631,52.424704,11927,10665,177,255374855,0.0577821731567383,7414.76613616943,3526.64443302155,5447,0
162,51.8003962934017,19.3048716140301,0,51.696,51.489792,11565,10124,177,266700352,0.0601797103881836,7406.35438632965,3526.62772464752,5411,0
163,51.4853037893772,19.42301834502,0,51.9396,51.694592,11682,10268,176,244124530,0.0577821731567383,7406.49197292328,3526.65736484528,5365,0
164,51.3142980635166,19.4877458668967,0,51.2902,51.741696,11619,10299,177,265941633,0.0577936172485352,7414.51963615417,3526.76513004303,5300,0
165,49.3918024003506,20.2462747136537,0,51.3443,51.699712,11558,10305,167,240122197,0.0578298568725586,7406.56826877594,3526.71664524078,5249,0
166,48.6766025424004,20.5437509556863,0,49.6012,51.391488,10994,9383,166,239310338,0.0576066970825195,7406.71779727936,3526.82427692413,5217,0
167,49.2709949612617,20.2959165080029,0,48.4506,51.231744,11154,9789,167,231312614,0.0576066970825195,7406.79938983917,3526.83815860748,5184,0
168,48.0853021144867,20.7963755248764,0,49.1292,49.267712,10788,9427,165,237248972,0.0599679946899414,7414.14661884308,3526.85591983795,5131,0
169,48.508495092392,20.6149458583562,0,48.851,48.591872,11003,9759,162,235589161,0.0576925277709961,7406.94897556305,3526.89930820465,5072,0
170,48.1428988277912,20.7714953679261,0,48.3256,49.16736,10793,9648,163,253902146,0.0576066970825195,7414.67052459717,3526.91493320465,5018,0
171,47.2595021128654,21.1597658733643,0,47.9236,47.977472,10924,9793,165,235225503,0.0576066970825195,7407.10678958893,3526.97394657135,4966,0
172,47.2696982324123,21.155201691436,0,47.0495,48.410624,10809,9799,165,208379815,0.0822649002075195,7414.85090446472,3526.97394657135,4930,0
173,47.8671975433826,20.8911332043972,0,47.1588,48.0768,10824,9832,168,252195682,0.0577421188354492,7407.24545574188,3526.95483493805,4891,0
174,48.5406033694744,20.6013096373843,0,47.8436,47.14496,10259,9060,166,228703379,0.0576448440551758,7407.3345079422,3527.0468416214,4844,0
175,48.2693947851658,20.7170610787795,0,50.63,47.156224,10491,9229,165,241796529,0.0895347595214844,7407.2552728653,3527.01598453522,4800,0
176,47.0560006797314,21.2512747695266,0,45.9316,47.753216,10267,8879,165,211848473,0.0576066970825195,7414.76883029938,3527.12011051178,4763,0
177,47.2429990768433,21.1671574527571,0,46.9595,48.262144,10204,9221,162,227280008,0.0577306747436523,7407.27549648285,3527.07499790192,4704,0
178,46.5884990990162,21.4645249222274,0,47.4859,48.304128,9817,8390,162,216129983,0.0576562881469727,7407.35828495026,3527.18031024933,4655,0
179,46.7250011861324,21.4018186113346,0,46.481,46.934016,10016,8705,160,236465357,0.0576066970825195,7404.21395587921,3524.00431537628,4611,0
180,47.0871031284332,21.2372376629846,0,46.7009,47.151104,10067,9011,162,224643221,0.0576066970825195,7404.29469203949,3524.04944705963,4568,0
181,46.9553992152214,21.2968054092453,0,47.0223,46.475264,9886,8913,162,226657933,0.0576925277709961,7404.35999774933,3524.06332874298,4517,0
182,43.8551008701324,22.8023646088807,0,47.09,46.650368,9910,8802,157,211400150,0.0599184036254883,7404.35591220856,3524.0324716568,4468,0
183,44.142197817564,22.6540600477782,0,43.7477,46.982144,8886,8818,157,220617042,0.0576562881469727,7404.49956607819,3524.12447834015,4451,0
184,43.7507033348083,22.8567754064971,0,44.6885,46.918656,9776,8639,157,208959201,0.0576448440551758,7404.57651996613,3524.0914850235,4443,0
185,42.844396084547,23.3402753075723,0,43.0427,43.742208,9779,8781,157,187745941,0.0576925277709961,7404.6468744278,3524.19911670685,4411,0
186,42.2483049333096,23.669588675298,0,42.8773,44.061696,9697,8627,160,207617595,0.0576066970825195,7404.72678089142,3524.2286233902,4384,0
187,42.1454943716526,23.727328743179,0,42.2435,43.664384,9755,8784,160,212172378,0.0576066970825195,7404.79389286041,3524.25813007355,4371,0
188,42.6309034228325,23.4571618171342,0,41.9649,42.768384,9584,8433,159,206129832,0.0576562881469727,7404.88184070587,3524.2876367569,4363,0
189,43.1803986430168,23.1586560436195,0,42.7519,42.169344,9588,8597,160,207037824,0.0600042343139648,7404.82741641998,3524.24115467072,4372,0
190,43.3249995112419,23.0813620607317,0,43.1166,42.070016,9783,8767,163,223746747,0.0576066970825195,7404.92865276337,3524.27066135406,4374,0
191,43.4279963374138,23.0266207132952,0,43.5447,42.546176,9582,8491,161,217182594,0.0576066970825195,7404.7264547348,3524.30016803741,4368,0
192,43.0094040930271,23.2507290228214,0,43.4668,43.112448,9492,8470,160,209685746,0.0576448440551758,7404.77706241608,3524.39217472076,4369,0
193,43.1819036602974,23.1578488958426,0,42.9435,43.245568,9716,8762,157,217445781,0.0577421188354492,7404.81979846954,3524.43730640411,4395,0
194,43.3126986026764,23.0879172219994,0,43.0443,43.348992,9537,8375,153,177596905,0.0576066970825195,7404.88303470612,3524.45118808746,4430,0
195,44.4362014532089,22.5041737884143,0,43.5401,42.919936,9743,8725,153,230408865,0.0576066970825195,7404.95653247833,3524.48069477081,4432,0
196,44.7909943759441,22.3259164913086,0,44.2908,43.121664,9633,8310,147,219363874,0.0599565505981445,7404.96511173248,3524.44983768463,4482,0
197,45.6010065972805,21.9293404821383,0,44.8584,43.234304,10135,9140,147,242694103,0.0576925277709961,7405.11835575104,3524.54184436798,4547,0
198,46.0430979728699,21.7187818375999,0,45.3353,44.314624,10125,9024,149,220403286,0.0576562881469727,7405.07415103912,3524.50885105133,4599,0
199,46.1182966828346,21.6833680323715,0,46.0585,44.722176,10197,9114,149,234596484,0.0576066970825195,7405.23120975494,3524.60085773468,4658,0
200,46.5987026691437,21.4598249032837,0,46.4797,45.503488,10073,8656,155,217773473,0.0576066970825195,7405.2938451767,3524.56786441803,4723,0
201,46.4660003781319,21.5211120359442,0,46.5605,45.975552,10482,9405,159,229999120,0.0576925277709961,7405.3805475235,3524.67549610138,4787,0
202,46.4858002960682,21.5119454463728,0,46.1815,45.986816,10320,8930,160,223388156,0.0576066970825195,7405.43981838226,3524.62687778473,4840,0
203,48.1498017907143,20.7685174769058,0,46.7669,46.51008,10442,9091,160,242772528,0.0599679946899414,7405.53537464142,3524.73664569855,4879,0
204,47.9972995817661,20.8345054558006,0,48.1479,46.353408,10599,9147,159,233457337,0.0576448440551758,7405.62205410004,3524.7661523819,4949,0
205,48.7936995923519,20.4944492496884,0,48.1254,46.370816,10933,9759,160,227538328,0.0577306747436523,7405.60416507721,3524.71753406525,5019,0
206,48.1375008821487,20.7738245998317,0,48.6004,48.028672,10781,9572,160,218876288,0.0576448440551758,7405.75619602203,3524.8095407486,5071,0
207,49.0123927593231,20.4030030712953,0,47.9829,47.650816,11105,9853,153,242400173,0.0576066970825195,7405.84584712982,3524.77654743195,5121,0
208,48.6422069370747,20.5582777379661,0,49.3924,48.94208,11017,9541,156,208400330,0.0576562881469727,7405.86439228058,3524.8060541153,5181,0
209,48.821497708559,20.4827800648297,0,48.3279,48.017408,11253,9996,157,222022904,0.0576925277709961,7406.04593372345,3524.89806079865,5227,0
210,49.6102944016457,20.157106746918,0,48.7087,48.909312,11100,9737,156,225321277,0.0599184036254883,7413.02118682861,3524.91582202911,5292,0
211,49.4875982403755,20.2070828966626,0,49.7766,48.531456,11363,9979,158,226157487,0.0576066970825195,7406.21239566803,3524.95921039581,5332,0
212,50.4548028111458,19.8197187241626,0,49.4098,48.748544,11470,10024,158,215993432,0.0577821731567383,7413.18883705139,3524.97483539581,5354,0
213,49.8331971466541,20.066944471917,0,50.5331,49.5104,11760,10717,157,254287297,0.0578794479370117,7406.35003185272,3524.95599079132,5367,0
214,52.201297134161,19.1566120939472,0,49.9875,49.399808,11534,10140,156,232082523,0.057744026184082,7406.44473361969,3525.04813098907,5379,0
215,49.9242059886456,20.0303636321714,0,52.2744,50.33984,11829,10642,151,231542727,0.057744026184082,7406.51590061188,3525.01527118683,5406,0
216,50.2101965248585,19.9162733709857,0,49.7252,49.764352,11596,10143,150,237064230,0.0601415634155273,7406.52067661285,3525.04704761505,5433,0
217,50.2193011343479,19.9126626100346,0,50.1524,52.10624,11756,10272,151,239792977,0.0577936172485352,7406.67184925079,3525.13918781281,5447,0
218,49.9294996261597,20.0282399681023,0,50.2798,49.830912,11730,10326,151,224704408,0.057744026184082,7406.74562549591,3525.18445301056,5452,0
219,50.1956976950169,19.9220261082111,0,50.1166,50.115584,11543,10169,147,224974955,0.0578298568725586,7406.82363605499,3525.19846820831,5446,0
220,50.3867976367474,19.8464686565176,0,50.0165,49.88928,11612,10192,147,244490846,0.0577821731567383,7413.40785884857,3525.21409320831,5453,0
221,50.3893010318279,19.8454826624477,0,50.4794,50.057216,11942,10778,150,239794537,0.0577936172485352,7406.97648334503,3525.27337360382,5456,0
222,50.0329993665218,19.986808959311,0,50.2963,50.103296,11573,10158,152,203320563,0.0601415634155273,7406.97300434113,3525.22702503204,5437,0
223,50.2050034701824,19.9183334504482,0,50.0728,50.322432,11801,10642,155,224578607,0.057744026184082,7407.12907505035,3525.3347902298,5430,0
224,50.5215004086494,19.7935530796072,0,50.1284,50.272256,11466,10084,155,223263681,0.0577821731567383,7407.20516300201,3525.36443042755,5416,0
225,50.7736951112747,19.6952378157315,0,50.3564,49.957888,11690,10522,163,221364753,0.0578794479370117,7407.27241611481,3525.39407062531,5408,0
226,51.2598976492882,19.5084275595288,0,50.8023,50.097152,11452,10099,163,233965647,0.057744026184082,7415.26497268677,3525.39407062531,5390,0
227,51.7645068466663,19.318256097023,0,51.4598,50.440192,11444,10158,169,217020255,0.0577821731567383,7407.40888500214,3525.37522602081,5373,0
228,48.8913990557194,20.4534952837071,0,51.6185,50.689024,11299,9855,168,224514239,0.0600042343139648,7415.43356895447,3525.4849023819,5344,0
229,49.7133024036884,20.1153403948036,0,48.8236,51.175424,11580,10217,167,218153250,0.0577936172485352,7407.58233737946,3525.51463413239,5343,0
230,48.8852970302105,20.4560483570758,0,49.9259,51.651584,10900,9329,168,209741774,0.0576066970825195,7407.67997074127,3525.54615497589,5334,0
231,50.4392012953758,19.8258492267537,0,48.5769,48.780288,11436,10028,170,224709358,0.0578298568725586,7407.73545360565,3525.51329517365,5304,0
232,49.0219034254551,20.3990447151985,0,50.6259,49.629184,11410,10065,169,219459369,0.0577821731567383,7407.82227420807,3525.6054353714,5297,0
233,49.6569015085697,20.1381876359608,0,49.343,48.802816,11426,10189,171,235075436,0.057744026184082,7407.89771366119,3525.65070056915,5287,0
234,48.7281940877438,20.5220000191126,0,49.2145,50.301952,11072,9660,170,208289821,0.0576944351196289,7407.97280597687,3525.6802072525,5258,0
235,48.6436001956463,20.5576889041511,0,49.022,48.930816,11378,10152,169,236207164,0.0601415634155273,7407.97916126251,3525.63385868073,5233,0
236,48.1519997119904,20.7675694878979,0,48.3025,49.565696,11265,9894,173,233123707,0.0576448440551758,7408.13412189484,3525.72586536407,5227,0
237,46.9220019876957,21.31196363408,0,48.1806,48.649216,11178,9964,172,212107117,0.0576066970825195,7416.27584934235,3525.74149036407,5188,0
238,47.9250997304916,20.865892937595,0,46.7682,48.540672,10802,9245,171,211403233,0.0576448440551758,7408.26479816437,3525.72237873077,5175,0
239,46.1627990007401,21.6624646175369,0,48.3084,48.060416,10935,9539,173,209061029,0.0577802658081055,7408.28120708466,3525.75188541412,5154,0
240,46.3450029492378,21.5772993065792,0,45.7044,46.835712,10891,9739,175,211455693,0.0576066970825195,7408.43345928192,3525.84389209747,5123,0
241,46.2008006870747,21.644646524054,0,46.2522,47.840256,10812,9468,174,207695592,0.0576066970825195,7408.48218631744,3525.85951709747,5098,0
242,46.2842956185341,21.6056004879452,0,46.5251,46.05952,10652,9128,176,205008711,0.0599184036254883,7408.5643415451,3525.91716098785,5089,0
243,46.6434024274349,21.4392593155215,0,45.8681,46.236672,10709,9442,169,223331334,0.0577306747436523,7408.58380031586,3525.87204837799,5057,0
244,45.983299612999,21.7470257336059,0,46.7355,46.096384,10586,9230,170,210770242,0.0576562881469727,7408.66285228729,3525.90155506134,5016,0
245,46.1550019681454,21.6661240896527,0,46.2212,46.1824,10673,9478,167,210549166,0.0576066970825195,7408.81210613251,3526.00918674469,4982,0
246,45.0849980115891,22.1803270290253,0,46.1584,46.488576,10410,9131,170,191454326,0.0576066970825195,7408.80502605438,3525.96056842804,4946,0
247,46.8663983047009,21.3372487789337,0,44.9109,45.898752,10691,9522,173,221192125,0.0576925277709961,7408.94272327423,3525.99007511139,4930,0
248,44.5034988224506,22.4701433923108,0,46.6973,46.04928,10455,9092,164,185689898,0.0576066970825195,7409.02942562103,3526.09770679474,4896,0
249,44.4982014596462,22.4728183881064,0,44.6231,44.955648,10520,9457,163,186441171,0.0599679946899414,7409.03462505341,3526.05122470856,4861,0
250,44.6055978536606,22.4187108371631,0,44.473,46.752768,10038,8690,162,184422382,0.0576066970825195,7409.18860816956,3526.08073139191,4831,0
251,44.5269979536533,22.4582847700819,0,44.8617,44.378112,10239,8999,162,194983753,0.0577306747436523,7409.26736164093,3526.18836307526,4824,0
252,42.353805154562,23.6106294664834,0,44.0406,44.383232,10303,9035,163,170163085,0.0576066970825195,7409.33838748932,3526.20224475861,4803,0
253,41.6240990161896,24.0245440414471,0,42.4597,44.485632,10236,8989,163,175492266,0.0576066970825195,7409.41174793243,3526.23175144196,4801,0
254,41.1226972937584,24.3174710271687,0,41.5056,44.422144,9910,8590,167,168443886,0.0576944351196289,7409.49260807037,3526.27688312531,4801,0
255,40.9937016665936,24.3939912558547,0,41.1665,42.24512,10269,9090,168,179557102,0.0576925277709961,7409.55972766876,3526.30638980865,4780,0
256,40.8540032804012,24.4774053875823,0,41.3822,41.51808,10062,8766,166,174820374,0.0599184036254883,7409.64626789093,3526.33803272247,4722,0
257,40.4560938477516,24.7181550389738,0,40.6916,41.008128,10172,9028,165,176036753,0.116230964660645,7409.77959442139,3526.36753940582,4713,0
258,41.40380397439,24.1523701691405,0,40.6401,40.914944,9898,8577,165,162751338,0.0576066970825195,7409.85051250458,3526.39704608917,4702,0
259,40.5538976192474,24.6585423031049,0,41.1965,40.779776,9901,8692,163,179671979,0.0577421188354492,7409.92543697357,3526.41092777252,4702,0
260,40.2229018509388,24.8614583727917,0,40.1131,40.380416,9664,8092,165,161500992,0.0576066970825195,7409.99646282196,3526.45605945587,4718,0
261,40.1040948927402,24.9351095611192,0,40.4382,41.322496,9984,8737,165,169125485,0.0576448440551758,7410.07139492035,3526.46994113922,4728,0
262,40.0919020175934,24.9426929049456,0,39.9511,40.479744,10026,8844,168,164786169,0.0576066970825195,7410.14242076874,3526.51507282257,4732,0
263,40.2491018176079,24.8452749214525,0,40.1078,40.14592,9798,8624,169,166361767,0.0576925277709961,7410.22127437592,3526.54457950592,4750,0
264,40.2629040181637,24.8367579136585,0,40.4492,40.020992,9921,8694,169,153677749,0.0599679946899414,7410.27062511444,3526.576130867,4755,0
265,39.7213995456696,25.1753465748419,0,40.001,40.019968,9896,8607,167,174913870,0.0576448440551758,7410.29414558411,3526.60572910309,4753,0
266,39.8238934576511,25.1105533180326,0,39.6232,40.168448,9854,8679,168,167869152,0.0576448440551758,7410.32574653625,3526.63523578644,4762,0
267,39.4509993493557,25.3479003445405,0,39.8795,40.189952,9954,8750,167,171527363,0.0576925277709961,7410.38346290588,3526.66474246979,4783,0
268,40.6186021864414,24.6192617709972,0,39.4635,39.64416,9902,8646,167,177700981,0.0576066970825195,7410.46233844757,3526.69424915314,4816,0
269,40.7285019755363,24.5528303643638,0,40.7409,39.739392,10018,8935,168,181373332,0.0576066970825195,7410.54332828522,3526.72375583649,4836,0
270,40.5986048281193,24.6313883009936,0,40.7838,39.375872,9881,8409,169,176397127,0.0576562881469727,7410.53624820709,3526.67513751984,4869,0
271,40.2814000844955,24.8253535850881,0,40.5361,40.548352,9900,8657,168,179620157,0.0577306747436523,7410.68928623199,3526.78276920319,4911,0
272,40.8567972481251,24.4757315148066,0,40.4254,40.641536,9802,8295,168,175355227,0.0599184036254883,7410.77361392975,3526.814412117,4926,0
273,40.1774011552334,24.8896138437701,0,40.7025,40.536064,9997,8767,169,164847611,0.0576066970825195,7410.84062671661,3526.84391880035,4956,0
274,39.7722013294697,25.1431896292609,0,40.0415,40.193024,10011,8733,170,172115859,0.0576066970825195,7418.57544708252,3526.84391880035,4983,0
275,39.8407019674778,25.0999593535351,0,40.1052,40.78592,10040,8935,168,169992341,0.0577802658081055,7411.00153827667,3526.88730716705,5021,0
276,40.4730923473835,24.7077735354869,0,39.3217,40.097792,9993,8768,168,184728731,0.0576448440551758,7418.73880386353,3526.90293216705,5063,0
277,40.9727059304714,24.4064915238195,0,40.9242,39.696384,9887,8472,168,186320876,0.0576448440551758,7411.15764331818,3526.96194553375,5098,0
278,41.9893972575665,23.815535952229,0,40.9058,39.76192,10095,8884,167,184784561,0.0576066970825195,7411.22782421112,3526.99136066437,5116,0
279,41.8290048837662,23.9068560865549,0,42.2265,40.384512,10144,8952,168,189026048,0.0576925277709961,7411.25165271759,3527.02095890045,5164,0
280,41.5216982364655,24.0837933531768,0,41.5389,40.861696,10019,8706,170,197761502,0.0600061416625977,7411.28249549866,3527.02095890045,5217,0
281,41.5655970573425,24.0583576514114,0,41.2883,41.853952,10228,9061,169,198373501,0.0576066970825195,7411.33948516846,3527.08210849762,5265,0
282,41.5874011814594,24.0457439414565,0,41.5869,41.751552,10152,8879,170,189029783,0.0576066970825195,7411.34715938568,3527.03349018097,5326,0
283,40.7393015921116,24.5463216333986,0,41.8792,41.402368,10297,9036,167,182542607,0.0577306747436523,7411.4807806015,3527.14112186432,5386,0
284,41.1373004317284,24.3088386818091,0,40.5894,41.442304,10365,9004,168,181643916,0.0576066970825195,7411.55771350861,3527.16712284088,5453,0
285,42.8440980613232,23.3404376623518,0,40.9908,41.483264,10322,8816,175,205575878,0.0576944351196289,7411.64071559906,3527.18451023102,5547,0
286,43.4210039675236,23.0303288414967,0,43.0772,40.614912,10413,9068,174,192813815,0.0576448440551758,7411.74014568329,3527.15151691437,5589,0
287,44.393502175808,22.5258191173965,0,43.4248,41.004032,10643,9303,177,204662127,0.0576925277709961,7411.79969120026,3527.25564289093,5666,0
288,43.9752973616123,22.740039522119,0,44.645,42.748928,10423,8998,176,202483475,0.0599184036254883,7420.11589050293,3527.2897233963,5744,0
289,44.9316948652267,22.2560044307145,0,43.5292,43.302912,10812,9573,177,222272132,0.0576448440551758,7413.26649188995,3527.32029819489,5842,0
290,43.8908003270626,22.7838178513097,0,45.3946,44.070912,10706,9251,185,219414969,0.0576562881469727,7412.00454235077,3527.27167987823,5927,0
291,44.0388023853302,22.7072478322687,0,43.7542,44.126208,11078,9809,184,211909654,0.0578680038452148,7412.16073513031,3527.37944507599,6020,0
292,44.1413000226021,22.6545208113028,0,44.1075,44.826624,10872,9207,184,212369639,0.057744026184082,7421.54654979706,3527.37944507599,6116,0
293,44.488400220871,22.4777693743833,0,43.9429,43.789312,11192,9922,194,215229605,0.0577821731567383,7412.33993244171,3527.43520832062,6219,0
294,45.2896952629089,22.0800779116519,0,44.678,43.951104,11248,9693,197,216927945,0.057744026184082,7421.84373188019,3527.4387254715,6311,0
295,45.3066043555737,22.0718373010662,0,45.236,44.054528,11173,9688,196,226034960,0.0602293014526367,7412.52171421051,3527.50014209747,6421,0
296,46.1236946284771,21.6808303856602,0,45.4767,44.398592,11493,9899,193,232113276,0.057744026184082,7412.6059923172,3527.52626514435,6495,0
297,47.1043027937412,21.2294830979405,0,46.1771,45.19424,11477,9848,195,229335183,0.057744026184082,7412.68502616882,3527.55942249298,6616,0
298,47.3373010754585,21.1249897497523,0,47.1303,45.2352,11885,10329,195,240629916,0.0579195022583008,7412.76626777649,3527.58919620514,6723,0
299,47.8518009185791,20.8978550609103,0,47.2904,46.031872,10246,10229,194,256719255,0.0580053329467773,7422.14546585083,3527.58919620514,6881,0
300,48.0855032801628,20.796288523251,0,47.5816,47.012864,12085,10480,194,235147715,0.0579690933227539,7422.22972869873,3527.6189699173,7007,0
301,48.9149950444698,20.4436287705002,0,48.0916,47.243264,12424,10930,196,260902620,0.0579195022583008,7422.46776866913,3527.64874362946,7186,0
302,50.1272045075893,19.9492473163669,0,49.2178,47.762432,12545,10969,199,253719778,0.0601930618286133,7422.62230396271,3527.67851734161,7330,0
303,49.9065965414047,20.0374313077101,0,50.036,47.996928,12859,11254,199,263336798,0.0580053329467773,7422.7064447403,3527.71042728424,7488,0
304,51.4342039823532,19.4423150855624,0,50.081,48.794624,12911,11111,199,262931954,0.0578813552856445,7415.84856414795,3527.7402009964,7669,0
305,50.5033954977989,19.8006488503052,0,51.3251,50.020352,13324,11629,194,257579031,0.0579690933227539,7422.74401569366,3527.76997470856,7868,0
306,50.9299039840698,19.6348298695553,0,50.6715,49.769472,13551,11629,194,248659523,0.0579671859741211,7413.52845191956,3527.79974842072,8123,0
307,52.056398242712,19.209934489465,0,51.167,51.105792,13788,12019,202,260627292,0.0578813552856445,7413.70826911926,3527.85929584503,8408,0
308,54.2308017611504,18.4397052509811,0,52.1046,50.630656,13922,11614,203,283854318,0.0601930618286133,7413.8007516861,3527.85929584503,8744,0
309,55.6192956864834,17.9793718647002,0,54.4961,50.814976,14677,12665,202,275677855,0.0580167770385742,7413.96173477173,3527.92087650299,9096,0
310,57.0973977446556,17.5139330249705,0,55.2906,51.974144,15036,13052,204,291916854,0.0579195022583008,7414.08539772034,3527.95075321198,9429,0
311,57.3789030313492,17.428008330059,0,57.3697,54.109184,15394,13178,205,302909169,0.0578813552856445,7414.18877220154,3527.90240192413,9496,0
312,58.4656968712807,17.1040465352123,0,57.1527,55.496704,15728,13750,205,303230351,0.0581045150756836,7423.86398029327,3527.98052692413,10004,0
313,60.7602037489414,16.4581409919552,0,59.1213,56.956928,16177,13919,208,307950084,0.0580682754516602,7424.03368759155,3528.0104341507,10285,0
314,59.8951950669289,16.6958300892512,0,60.9427,57.25184,16486,14608,210,305211440,0.0603303909301758,7414.51005363464,3527.99425983429,10555,0
315,59.7972013056278,16.7231906872853,0,59.4975,58.376192,16893,14467,210,327662853,0.0581045150756836,7414.68705940247,3528.08666706085,10831,0
316,60.9587021172047,16.4045487398552,0,60.134,60.6464,17055,14646,207,330361739,0.058018684387207,7414.80027961731,3528.13219928741,11092,0
317,61.2025000154972,16.3392018258533,0,60.8028,59.778048,17663,15395,210,336030275,0.0580682754516602,7424.61291980743,3528.16210651398,11348,0
318,61.8458986282349,16.169220953699,0,61.1264,59.684864,18068,15974,209,318255748,0.0581426620483398,7424.56505393982,3528.19201374054,11608,0
319,62.5373050570488,15.9904556022643,0,62.2871,60.808192,18547,16220,209,315267109,0.060368537902832,7415.11318016052,3528.22405719757,11864,0
320,63.6230036616325,15.7175855028524,0,62.669,61.031424,18696,16194,208,333414283,0.058018684387207,7415.13848304749,3528.17583942413,12106,0
321,65.3265938162804,15.3077015282983,0,63.3887,61.717504,19187,16591,213,352325333,0.0581541061401367,7415.31510639191,3528.25396442413,12345,0
322,66.4926022291183,15.0392670233333,0,65.4226,62.389248,19236,16359,213,343453312,0.058018684387207,7415.45982170105,3528.31377887726,12570,0
323,66.9022053480148,14.94719037733,0,66.6261,63.520768,20061,17490,212,346470833,0.0580568313598633,7415.55045127869,3528.32806110382,12877,0
324,69.6953907608986,14.3481511342789,0,67.133,65.187839,19872,16792,206,361845971,0.0604162216186523,7415.58435630798,3528.29760456085,13152,0
325,69.3109035491943,14.4277443921971,0,69.5318,66.342912,20969,18184,208,365488142,0.0580682754516602,7415.7792224884,3528.40563678741,13404,0
326,70.8948969841003,14.105387588394,0,69.842,66.732032,21340,18667,209,313290190,0.058018684387207,7424.93554496765,3528.43554401398,13708,0
327,72.9663968086243,13.7049387627402,0,71.0869,69.5552,22287,19567,209,375121668,0.0581045150756836,7415.97354316711,3528.46545124054,14014,0
328,74.9669969081879,13.3392031326091,0,73.14,69.183488,22218,19201,218,407115759,0.0580682754516602,7416.07556247711,3528.46545124054,14298,0
329,76.0606974363327,13.1473945638884,0,75.1399,70.755328,23920,21245,219,405565704,0.0603303909301758,7425.27116680145,3528.4953584671,14635,0
330,77.587902545929,12.888607207909,0,75.7373,72.823808,23810,20281,213,400638539,0.0581045150756836,7425.40299034119,3528.5416841507,15012,0
331,78.945092856884,12.6670317788194,0,77.7824,74.781696,25274,21936,213,438582765,0.0580682754516602,7416.4618806839,3528.58721637726,15379,0
332,82.0524990558624,12.1873192347157,0,79.0665,75.906048,25241,21580,213,479649573,0.0581045150756836,7425.60170173645,3528.61712360382,15720,0
333,83.5490003228188,11.9690241192136,0,82.9402,77.42976,26162,22658,213,440845394,0.0603303909301758,7416.75144100189,3528.6950044632,16107,0
334,85.7217982411385,11.6656442179032,0,83.5638,78.768128,26887,23345,221,459588051,0.0581541061401367,7426.25607872009,3528.80303668976,16522,0
335,86.3727033138275,11.5777318716839,0,85.3433,81.883136,28014,24657,220,436975482,0.058018684387207,7417.06411266327,3528.83294391632,16933,0
336,88.6957943439484,11.2744917320674,0,86.8422,83.359744,28776,25341,219,445183834,0.0581045150756836,7417.16513347626,3528.86285114288,17301,0
337,89.8349955677986,11.1315194449506,0,88.7618,85.57568,29512,25924,221,498925928,0.0603799819946289,7417.23989009857,3528.86968708038,17688,0
338,91.1590978503227,10.9698321240732,0,89.8515,86.21056,29863,26236,219,489801469,0.0581045150756836,7426.93792915344,3528.94781208038,18080,0
339,92.8967073559761,10.7646441780551,0,91.385,88.4736,30700,27169,222,522918698,0.058018684387207,7417.76591682434,3528.97771930695,18464,0
340,93.2369977235794,10.7253560755432,0,92.7808,89.6768,30639,26511,222,525976727,0.0581541061401367,7417.9325056076,3529.02190876007,18807,0
341,94.6571975946426,10.5644369938182,0,93.3914,90.98752,31760,27904,222,481818478,0.0603303909301758,7417.97528362274,3528.9914522171,19159,0
342,95.8950072526932,10.4280715821304,0,95.2257,92.612608,32022,28035,225,471664821,0.0581045150756836,7418.16837120056,3529.10830402374,19514,0
343,96.4832976460457,10.3644882005231,0,95.3234,92.996608,33217,29549,225,525978503,0.0580682754516602,7418.26010036469,3529.13821125031,19869,0
344,96.8000963330269,10.3305682316642,0,96.7365,94.478336,32629,27550,226,504124124,0.0581045150756836,7418.36402797699,3529.16811847687,20204,0
345,99.6973961591721,10.0303522310999,0,96.7664,95.715328,33664,29128,227,529667332,0.0603303909301758,7418.38346004486,3529.1220369339,20567,0
346,101.228907704353,9.87860110987837,0,100.4232,96.268288,33888,29216,227,540950201,0.0581541061401367,7418.53901958466,3529.23006916046,20911,0
347,103.271499276161,9.6832137328216,0,101.0064,96.56832,34962,30213,227,536076768,0.058018684387207,7418.62799358368,3529.25997638702,21240,0
348,105.339795351028,9.49308850152647,0,103.3409,99.469312,34592,29512,227,571832457,0.0581541061401367,7418.70514202118,3529.28988361359,21606,0
349,106.992699205875,9.34643211566987,0,105.3745,101.024768,36681,31915,227,578306892,0.0606260299682617,7418.73550510406,3529.2528886795,21976,0
350,108.408898115158,9.2243350627708,0,107.2657,102.772736,36447,31638,227,595557882,0.0583009719848633,7418.8968744278,3529.36105442047,22305,0
351,109.968096017838,9.093546548608,0,108.5309,105.443328,38405,34294,228,611659413,0.0581655502319336,7419.00474262238,3529.39109516144,22635,0
352,113.640904426575,8.79964837525661,0,110.0749,106.747904,37739,31958,234,583287960,0.0607366561889648,7428.787317276,3529.39109516144,22987,0
353,115.663900971413,8.64573986871806,0,114.0735,108.198912,39028,33717,229,634375528,0.058293342590332,7419.19489574432,3529.45357990265,23318,0
354,118.041396141052,8.47160430739959,0,116.89,109.748224,39370,33726,230,657766314,0.0584287643432617,7419.2773771286,3529.48375415802,23646,0
355,119.927100837231,8.33839885245984,0,117.1727,113.401856,40963,35624,230,683596836,0.0606050491333008,7419.28236675262,3529.43793964386,23944,0
356,121.442802250385,8.23432909542259,0,120.2703,115.30752,40629,34547,230,681879073,0.0584287643432617,7429.11146736145,3529.53370380402,24269,0
357,123.453304171562,8.10022871976198,0,121.0623,117.815296,42438,37295,229,691319061,0.058293342590332,7419.6675901413,3529.59405231476,24550,0
358,124.626100063324,8.02400138888955,0,123.8941,119.688192,41759,35303,230,662025276,0.0607404708862305,7419.70798015594,3529.5482378006,24847,0
359,128.433510661125,7.78612991930528,0,124.8355,121.207808,44349,39228,231,715377036,0.058293342590332,7419.90392971039,3529.65653705597,25107,0
360,129.528194665909,7.7203268568615,0,128.2801,123.16672,42417,35778,231,660149631,0.0584287643432617,7429.7023191452,3529.68290424347,25377,0
361,133.023902773857,7.5174459563107,0,129.8825,124.384256,45429,39834,231,772003187,0.0606050491333008,7420.01774501801,3529.64089679718,25631,0
362,134.554803371429,7.43191602933392,0,132.9106,128.22016,45221,39054,232,737498561,0.0584287643432617,7420.21631145477,3529.74919605255,25870,0
363,136.873796582222,7.30600030809612,0,134.7817,129.238015,45714,39338,234,730151208,0.058293342590332,7420.31376171112,3529.77937030792,26066,0
364,139.70160484314,7.15811390372232,0,137.1841,132.75648,45629,38785,234,749029551,0.0607404708862305,7420.33764266968,3529.73355579376,26244,0
365,140.623405575752,7.11119173871316,0,139.7878,134.279168,47474,42059,233,736264664,0.058293342590332,7430.56378269196,3529.81168079376,26408,0
366,142.757192254066,7.00490100856207,0,140.5184,136.414208,47783,41509,230,744351557,0.0584287643432617,7420.57521057129,3529.8720293045,26525,0
367,144.824400544167,6.9049137869211,0,143.292,139.46368,48311,41816,230,779718287,0.0607500076293945,7420.60814285278,3529.82634830475,26608,0
368,146.671295166016,6.81796665713022,0,144.9881,140.358656,47068,39781,230,758314213,0.0584287643432617,7420.77487277985,3529.93464756012,26639,0
369,147.247508168221,6.79128640233128,0,147.1323,142.460928,49572,44106,228,809162449,0.0607500076293945,7420.86896324158,3529.88896656036,26695,0
370,149.101495742798,6.70684083360917,0,146.4196,144.529408,49432,43198,227,761948748,0.0630521774291992,7421.05037879944,3530.00153827667,26710,0
371,152.456611394882,6.55924325518341,0,149.3159,146.407424,50677,44179,225,784923346,0.0584383010864258,7421.1642999649,3530.03184604645,26704,0
372,153.679296374321,6.50705738243538,0,152.32,146.985984,49251,41890,225,734534546,0.0584287643432617,7421.23405265808,3530.06202030182,26685,0
373,156.072199344635,6.40729101146209,0,154.2815,148.814848,51151,44836,224,883411375,0.0608358383178711,7421.27340888977,3530.01633930206,26590,0
374,157.646492123604,6.34330638461618,0,155.986,152.184832,49153,41729,235,792868801,0.0585737228393555,7421.46621131897,3530.12477207184,26446,0
375,158.990308642387,6.28969154496878,0,157.5875,153.211904,50455,43632,235,840449233,0.0608358383178711,7421.50940513611,3530.07909107208,26285,0
376,161.84689104557,6.17867908082606,0,159.4557,155.812864,51294,44655,225,852707554,0.0585737228393555,7423.19507980347,3530.15721607208,26088,0
377,162.685498595238,6.14682936484711,0,161.6604,157.336576,51531,42180,225,832770667,0.0608358383178711,7431.22270584106,3530.18752384186,25943,0
378,163.975104689598,6.09848673000076,0,162.7515,158.721024,49645,41533,225,800649751,0.0585737228393555,7421.90288734436,3530.25027561188,25789,0
379,167.332395911217,5.97612909654733,0,163.9037,161.565696,52610,46333,224,881396814,0.0608739852905273,7421.92801475525,3530.20459461212,25647,0
380,167.170003056526,5.98193444826261,0,167.245,162.382848,51420,44296,224,831566314,0.0585737228393555,7422.10471153259,3530.3130273819,25528,0
381,166.947692632675,5.98990009523665,0,167.6828,163.72224,52886,46394,225,897957094,0.0608739852905273,7422.21831607819,3530.34547138214,25430,0
382,171.192497014999,5.84137749864343,0,167.0998,167.038976,48087,45621,226,890291148,0.0585737228393555,7432.61147022247,3530.37577915192,25316,0
383,174.353703856468,5.73546748868164,0,170.9504,166.834176,54268,47535,233,940272293,0.0608739852905273,7422.3272151947,3530.33009815216,25206,0
384,177.703991532326,5.62733561231286,0,175.3187,166.73792,52912,45641,234,905732654,0.0585737228393555,7422.50974082947,3530.43853092194,25070,0
385,182.795703411102,5.47058810102899,0,176.9058,170.894336,54081,46635,232,947783917,0.0608358383178711,7422.61344909668,3530.45534992218,24913,0
386,185.731902718544,5.38410464418376,0,183.8833,174.0288,54719,47772,233,940109054,0.0585737228393555,7422.70485877991,3530.50128269196,24629,0
387,188.371807336807,5.30865002644482,0,185.9548,177.3824,55572,48708,237,892736256,0.0608739852905273,7422.76592922211,3530.50341892242,24306,0
388,186.327993869781,5.36688008726626,0,187.6941,182.505472,55253,49016,247,941726178,0.0585737228393555,7433.42886924744,3530.65223026276,23986,0
389,186.646595597267,5.35771893829625,0,185.7903,185.40032,55391,49759,245,932213063,0.0608739852905273,7423.06677055359,3530.606549263,23649,0
390,186.074391007423,5.3741946679815,0,187.0221,188.051456,52604,45504,243,889335335,0.0586118698120117,7433.87253570557,3530.71116352081,23283,0
391,184.536010026932,5.41899654085973,0,185.0736,185.997312,53682,47246,249,907346579,0.0585622787475586,7425.05637454987,3530.74528980255,22924,0
392,180.170297622681,5.5503044241745,0,185.2651,186.319872,51740,44809,236,884839448,0.0585737228393555,7423.39390563965,3530.77559757233,22500,0
393,174.980893731117,5.71490966057495,0,179.6443,185.643008,51953,45808,216,864803726,0.0608739852905273,7423.8007106781,3530.72991657257,21986,0
394,173.117607831955,5.77641992933901,0,174.0577,184.255488,49568,43054,221,835713143,0.0586118698120117,7432.16042995453,3530.83453083038,21306,0
395,166.733905673027,5.99758037193135,0,173.4014,179.858432,49260,43673,219,842707066,0.0608739852905273,7424.06923866272,3530.8279466629,20682,0
396,176.471307873726,5.66664355837126,0,165.7227,174.21312,46296,40184,209,803426593,0.0586118698120117,7431.5636138916,3530.93504428864,20078,0
397,169.100701808929,5.91363601275837,0,176.2303,173.166592,45403,39490,208,815113492,0.0608739852905273,7423.89073562622,3530.89069843292,19423,0
398,161.663711071014,6.18568009712908,0,168.5395,166.308864,43259,37179,199,791564838,0.058466911315918,7432.03433036804,3530.96882343292,18792,0
399,160.915896296501,6.214426436512,0,161.4125,176.239616,43100,38441,206,760337099,0.0607290267944336,7424.09924316406,3530.95318317413,17903,0
400,154.440298676491,6.4749939528071,0,160.8791,168.825856,39288,33820,189,758169114,0.126603126525879,7431.81431674957,3531.03130817413,16991,0
401,148.774802684784,6.72156831636837,0,153.3449,161.425408,37708,32114,195,659667839,0.0607290267944336,7430.76452064514,3531.09379291534,16080,0
402,145.884096622467,6.85475677714135,0,148.5818,160.679936,35288,30167,189,677498618,0.058466911315918,7430.73222827911,3531.1238527298,15335,0
403,147.105395793915,6.79784718026887,0,145.9552,154.196992,35014,30575,183,679554133,0.060643196105957,7423.82919597626,3531.03829669952,14766,0
404,142.906099557877,6.9976019434706,0,146.2502,148.535296,34030,30080,179,666506606,0.058466911315918,7415.83938312531,3523.08960437775,14288,0
405,135.421603918076,7.38434615354991,0,142.4019,145.676288,33757,30028,175,622309821,0.0583314895629883,7422.18536186218,3523.11597156525,13937,0
406,134.57179069519,7.4309778805354,0,135.2769,146.88768,31881,29449,172,680752456,0.0607786178588867,7422.26414680481,3523.11977863312,13636,0
407,129.951998591423,7.69514906149355,0,133.9302,142.429184,31789,27402,164,627516910,0.0583314895629883,7422.3625869751,3523.15208911896,13394,0
408,129.130199551582,7.74412185122149,0,130.2901,135.482368,30992,26751,159,540996697,0.058466911315918,7421.95881938934,3523.18226337433,13194,0
409,126.160696148872,7.92639887481263,0,129.7335,134.377472,31429,27953,153,602904266,0.060643196105957,7422.70433521271,3523.2124376297,13019,0
410,125.567600131035,7.96383779698314,0,125.3712,129.753087,30929,27903,153,604598165,0.058466911315918,7422.15071582794,3523.24474811554,12826,0
411,123.523399233818,8.09563213288112,0,125.8076,128.895999,30358,27071,155,571951747,0.058293342590332,7422.89180469513,3523.27492237091,12676,0
412,125.227600336075,7.98546005286604,0,123.8769,125.974528,27620,26917,156,599735946,0.0607404708862305,7422.75570964813,3523.30509662628,12537,0
413,123.588502407074,8.0913675667516,0,125.1246,125.408256,30667,27767,163,608392473,0.0583314895629883,7423.41565608978,3523.33740711212,12534,0
414,124.496705830097,8.03234104334228,0,123.0593,123.32544,29166,26198,156,563873306,0.058466911315918,7422.92563915253,3523.36758136749,12567,0
415,126.410394906998,7.91074183998648,0,125.0998,125.073408,30556,27030,156,572121380,0.060643196105957,7416.38721370697,3523.3519411087,12611,0
416,130.030602216721,7.69049733641402,0,126.1965,123.392,30039,25619,153,574037067,0.058466911315918,7423.5307559967,3523.4300661087,12763,0
417,135.057210922241,7.40426959191203,0,130.3651,124.347392,31510,28226,152,629982273,0.058293342590332,7416.65571117401,3523.49041461945,12938,0
418,141.107499599457,7.08679554834837,0,136.114,126.214144,31567,27009,155,632404921,0.0607786178588867,7422.40999794006,3523.52272510529,13226,0
419,146.507695317268,6.82558003410305,0,140.8053,129.636351,30242,29216,156,705737566,0.0583314895629883,7416.8076467514,3523.52272510529,13686,0
420,152.889296412468,6.54068024031047,0,146.6729,135.079936,33316,27956,162,666746870,0.058466911315918,7423.70818328857,3523.55289936066,14166,0
421,157.128989696503,6.36419798747206,0,154.0428,140.920832,36574,32226,164,427613919,0.060643196105957,7423.29975891113,3523.61526966095,14657,0
422,163.296401500702,6.12383365959048,0,157.2989,146.28352,38254,33818,168,751704979,0.058466911315918,7417.07776165009,3523.64175128937,15284,0
423,167.734295129776,5.96181001163954,0,162.9793,152.662016,39390,34751,166,774723689,0.0607290267944336,7423.5673828125,3523.64555835724,15946,0
424,174.739599227905,5.72280126782106,0,168.5066,156.935168,39520,32821,168,818207509,0.0586118698120117,7423.53868103027,3523.70435810089,16578,0
425,177.039697766304,5.64845067302374,0,175.1666,163.033088,42848,37055,166,833352475,0.0608739852905273,7423.36067771912,3523.71012973785,17036,0
426,175.238907337189,5.7064952937411,0,176.3613,167.506944,42412,36924,166,855483548,0.0586118698120117,7417.41392993927,3523.7406206131,17006,0
427,167.845696210861,5.95785309111364,0,175.0657,174.558208,41313,36625,173,772439202,0.0607290267944336,7417.43888187408,3523.72511386871,16433,0
428,158.898591995239,6.29332196996409,0,167.5106,176.641024,37987,32093,177,781489008,0.0586118698120117,7417.61741733551,3523.83354663849,15491,0
429,147.510498762131,6.77917848825498,0,158.413,174.875648,37448,32566,171,728166077,0.0607290267944336,7417.53043460846,3523.78773212433,14684,0
430,139.39380645752,7.1739198850614,0,147.9445,167.609344,36338,31557,172,732330032,0.058466911315918,7418.31042575836,3523.8960313797,14250,0
431,134.802803397179,7.41824335102017,0,138.9986,158.683136,35710,30712,171,690778855,0.0606050491333008,7417.40353870392,3523.85021686554,14232,0
432,138.106808066368,7.24077265995058,0,134.3604,147.283968,36897,32256,181,753732334,0.058466911315918,7425.03352165222,3523.92834186554,14493,0
433,139.023497700691,7.19302863572701,0,138.6812,139.179008,37109,30823,182,710767707,0.0583314895629883,7417.67706394196,3523.98869037628,13818,0
434,147.266194224358,6.79042468142089,0,139.4227,134.611968,38791,33480,183,713370880,0.0607786178588867,7417.72107410431,3523.94287586212,15576,0
435,152.200609445572,6.57027592493056,0,147.6834,137.884672,41467,36553,191,795982343,0.0584383010864258,7425.77549648285,3524.02100086212,16236,0
436,159.504100680351,6.26943129195165,0,153.5514,138.79808,43070,37099,202,841429990,0.0585737228393555,7425.9069814682,3524.08161640167,17034,0
437,166.053593158722,6.02215213159617,0,159.8061,147.044352,45233,40490,206,859757133,0.0608739852905273,7418.11847400665,3524.08161640167,17917,0
438,175.469189882278,5.69900619402697,0,166.5937,151.952384,47378,41384,208,866663211,0.0586118698120117,7418.25754642487,3524.14436817169,18802,0
439,178.951799869537,5.58809691061525,0,175.55,159.249408,49192,43217,209,898502741,0.0608739852905273,7418.29778766632,3524.09868717194,19532,0
440,180.525600910187,5.53938053637894,0,179.4141,165.838848,49862,43495,210,891795639,0.0586118698120117,7426.42514324188,3524.19149494171,19996,0
441,186.124294996262,5.3727537290072,0,180.5418,175.1808,51393,44847,210,936466421,0.0608739852905273,7418.5126581192,3524.16143894196,20482,0
442,187.776997685432,5.3254659107673,0,185.6488,178.660352,52496,46575,210,916994746,0.0586118698120117,7418.66690540314,3524.26987171173,20805,0
443,190.261110663414,5.25593483877572,0,187.8873,180.194304,52064,45941,206,912937994,0.0608739852905273,7418.68264484406,3524.22419071198,21016,0
444,191.431298851967,5.22380616961334,0,190.3905,185.828352,52284,45615,206,904987297,0.0585737228393555,7426.77696895599,3524.33262348175,21163,0
445,193.048402667046,5.1800480407223,0,191.8516,187.518976,53258,47412,207,939065537,0.0608358383178711,7418.87540531158,3524.28694248199,21295,0
446,193.418696522713,5.17013100583362,0,192.6516,189.971456,52002,45098,208,934514381,0.0586118698120117,7419.04127597809,3524.39537525177,21355,0
447,193.793505430222,5.16013164517562,0,193.4138,191.12448,53499,47769,206,953233937,0.0608739852905273,7419.04302692413,3524.34969425201,21550,0
448,194.657996296883,5.13721511072605,0,193.5017,192.763904,52645,46414,207,971914711,0.0586118698120117,7419.8460893631,3524.45812702179,21694,0
449,194.152891635895,5.15057999689932,0,195.3652,193.1264,51732,44336,208,900353296,0.0608358383178711,7427.24911308289,3524.47494602203,21881,0
450,196.013495326042,5.10168954610311,0,193.8998,193.49504,52586,45791,209,955161372,0.0585737228393555,7427.32398986816,3524.52087879181,22093,0
451,196.243494749069,5.09571031273506,0,195.5571,194.359296,53289,47562,207,950058300,0.0608358383178711,7419.53201007843,3524.47519779205,22312,0
452,197.075992822647,5.07418476333605,0,196.4998,193.813504,51596,44719,204,995751192,0.0585737228393555,7419.71070575714,3524.58363056183,22556,0
453,194.487705826759,5.14171317795662,0,196.6972,195.726336,50539,48013,202,991561580,0.0608358383178711,7419.70919895172,3524.53794956207,22842,0
454,195.555403828621,5.11364033118906,0,194.913,195.915776,51934,44744,203,862805919,0.0586118698120117,7419.87792301178,3524.64638233185,23203,0
455,196.983903646469,5.07655692413691,0,195.346,196.779008,53303,46536,202,988636120,0.0608358383178711,7419.88071155548,3524.60070133209,23661,0
456,197.548300027847,5.0620531781799,0,197.4077,194.224128,50988,43640,205,943789898,0.0586118698120117,7422.41833209991,3524.70901966095,24152,0
457,200.019910931587,4.99950227626104,0,197.0183,195.243008,53583,47663,209,974833406,0.0608739852905273,7420.05810642242,3524.66345310211,24755,0
458,198.808595538139,5.02996360541243,0,199.0661,196.72576,52823,45555,199,957523513,0.0585737228393555,7420.22380924225,3524.77188587189,25394,0
459,190.501406788826,5.24930506738208,0,197.7127,197.215232,51585,44754,195,940784783,0.0608358383178711,7420.25076580048,3524.72669315338,26273,0
460,177.220091223717,5.64270107917749,0,189.6113,199.635968,48266,40992,188,898370088,0.0585737228393555,7426.29899120331,3524.83379077911,27408,0
461,163.527607917786,6.1151753684476,0,176.5139,198.465536,46747,40534,186,860938453,0.0608739852905273,7420.39892482758,3524.7894449234,28691,0
462,151.298806071281,6.60943748312772,0,163.1269,190.199808,43205,36588,186,801803147,0.0586118698120117,7420.55344295502,3524.89787769318,30147,0
463,140.424489974976,7.12126496010921,0,151.3919,176.922624,43685,38136,191,646715107,0.0583791732788086,7420.62665462494,3524.92805194855,31647,0
464,141.893208026886,7.04755367720293,0,140.3692,163.252224,40379,33365,191,744544458,0.0584287643432617,7420.71425533295,3524.95822620392,33282,0
465,145.411401987076,6.8770398079848,0,141.8541,151.017472,43342,36959,189,827819684,0.058476448059082,7420.7867307663,3524.98853397369,34290,0
466,152.945905923843,6.53825935359088,0,146.0218,140.140544,42987,35797,190,821936129,0.0608854293823242,7426.80078220367,3525.0196428299,34301,0
467,160.790994763374,6.21925376773516,0,153.06,141.6448,46067,40273,190,856054891,0.0584383010864258,7420.96073055267,3525.05128574371,32913,0
468,168.130993843079,5.94774334667484,0,161.8161,145.171456,44308,37294,188,852140705,0.0585737228393555,7427.84572792053,3525.07777500153,30000,0
469,182.651504874229,5.47490698578466,0,168.9662,152.636416,48069,41778,197,914902921,0.0608739852905273,7421.0530462265,3525.03591251373,27832,0
470,196.823492646217,5.08069431425781,0,182.7255,160.490496,50024,41305,193,996038682,0.0585737228393555,7421.46629142761,3525.14434528351,26115,0
471,205.887705087662,4.85701659345917,0,197.1127,167.887872,51260,44531,188,979928844,0.0585241317749023,7421.30787181854,3525.17465305328,24702,0
472,203.543603420258,4.91295222839941,0,206.1389,182.362112,48986,42633,195,970287518,0.0586118698120117,7428.56586074829,3525.17465305328,23582,0
473,202.062591910362,4.94896155961225,0,202.8123,196.569088,49727,42582,199,989580918,0.0608854293823242,7428.65993022919,3525.23358631134,22645,0
474,197.433695197105,5.0649915608461,0,202.1048,205.613056,48552,42933,197,912697398,0.0585737228393555,7428.63145446777,3525.26771259308,21676,0
475,192.272394895554,5.20095461724093,0,197.2754,203.245568,47654,41635,188,840038276,0.0608854293823242,7428.81906604767,3525.26984882355,20874,0
476,193.647608160973,5.16401937259527,0,191.5612,201.616384,44443,37576,197,861059553,0.0585622787475586,7428.90409374237,3525.30015659332,19294,0
477,188.792705535889,5.29681481687281,0,193.8635,197.021696,44866,38788,194,870687376,0.0609235763549805,7429.02589321136,3525.36290836334,19727,0
478,189.449697732925,5.27844600422503,0,188.2731,192.038912,42579,37522,196,893356497,0.0585622787475586,7428.94460105896,3525.36290836334,19226,0
479,185.913592576981,5.37884285994814,0,189.1596,193.031168,43436,38785,191,830245324,0.0609235763549805,7421.94210720062,3525.34753513336,18735,0
480,186.644911766052,5.35776727336365,0,185.5075,188.837888,41976,36983,178,862342627,0.0585622787475586,7428.39823150635,3525.45214939117,18286,0
481,181.959196925163,5.49573759886005,0,186.8029,189.228032,41070,36299,174,810896467,0.0609235763549805,7422.12411785126,3525.41028690338,17823,0
482,178.191795945168,5.61193064302307,0,181.3916,185.64096,38187,32122,169,787703792,0.0585622787475586,7422.28745555878,3525.51871967316,17361,0
483,179.989293217659,5.55588603145806,0,177.9774,186.433536,39013,34349,179,824658846,0.0609235763549805,7428.65345287323,3525.4730386734,16862,0
484,174.197405576706,5.74061362561259,0,179.4597,181.7344,37755,33619,178,789633980,0.0585622787475586,7429.24693489075,3525.5511636734,16284,0
485,166.885495185852,5.9921325031055,0,174.0431,177.928192,36718,32303,179,780836432,0.0609235763549805,7428.76931667328,3525.58147144318,15722,0
486,164.175391197205,6.09104685365919,0,166.5639,179.775488,34937,31068,176,719952226,0.0584173202514648,7429.65649604797,3525.61391544342,15141,0
487,163.307502865791,6.12341737183879,0,163.7258,173.971456,34195,30748,178,757771072,0.0607786178588867,7429.45577526093,3525.64408969879,14550,0
488,157.776400446892,6.33808349770664,0,163.1636,166.664192,31639,26721,175,674782898,0.0584173202514648,7431.01254653931,3525.67640018463,13934,0
489,149.552300572395,6.6866239848709,0,157.3652,163.992576,31755,28460,167,693289181,0.0607786178588867,7429.14252185822,3525.70657444,13328,0
490,145.92669904232,6.85275557223418,0,149.503,163.095552,30094,26633,170,666513255,0.0584173202514648,7430.09711551666,3525.73888492584,12776,0
491,140.561804175377,7.11430822808958,0,145.1618,157.586432,29310,26621,171,627970423,0.0606546401977539,7429.56000804901,3525.76905918121,12277,0
492,137.638106942177,7.2654297724402,0,140.4622,149.34528,27170,24249,174,594216384,0.0584173202514648,7429.63065814972,3525.80136966705,11816,0
493,131.291896104813,7.61661633100098,0,137.6163,145.4848,26853,23938,171,558176459,0.0583810806274414,7429.8295211792,3525.83154392242,11335,0
494,130.150109529495,7.68343571599819,0,131.0018,140.639232,26131,23237,170,612339370,0.0607290267944336,7429.95949554443,3525.8617181778,10902,0
495,125.848799943924,7.94604319187456,0,130.16,137.483264,25345,22902,170,572956703,0.0583810806274414,7430.01842308044,3525.89402866364,10507,0
496,121.306903660297,8.24355391017445,0,125.8148,131.126272,24035,20874,170,517248820,0.0584173202514648,7430.40076351166,3525.92420291901,10178,0
497,118.396796286106,8.44617448586614,0,121.1855,129.959936,23709,21284,172,542907736,0.0605554580688477,7423.48436832428,3525.90842914581,9828,0
498,117.033302783966,8.54457642578812,0,118.1018,125.691904,21693,18623,168,520882191,0.0582799911499023,7423.63048648834,3526.01659488678,9477,0
499,110.444396734238,9.0543298670579,0,116.7773,121.174016,21961,19460,167,517773173,0.0582437515258789,7430.63607025146,3526.04652118683,9174,0
500,108.003601431847,9.25895050482209,0,110.2308,118.2208,20749,17961,173,460140212,0.0605535507202148,7423.80837726593,3526.07881259918,8870,0
501,105.774901807308,9.45403855653504,0,107.59,116.860928,20754,18462,175,478725156,0.0582437515258789,7431.55746459961,3526.07881259918,8618,0
502,99.8387038707733,10.0161556713953,0,105.8735,110.329856,19834,17382,174,440103391,0.0582799911499023,7423.95758533478,3526.13889408112,8324,0
503,94.78560090065,10.550125657252,0,99.5906,107.867136,19230,16860,169,423582012,0.0605173110961914,7423.71847629547,3526.09294605255,8061,0
504,93.0062979459763,10.7519600509297,0,94.6309,105.631744,18317,15588,164,443892337,0.0582799911499023,7423.87195682526,3526.20111179352,7868,0
505,89.8652002215385,11.1277780223576,0,92.5626,99.700736,18758,16697,159,429347688,0.0581941604614258,7431.61470413208,3526.22735691071,7665,0
506,80.613799393177,12.4048240813301,0,89.9742,94.623744,17410,14926,171,405493899,0.0583295822143555,7424.02723789215,3526.26119327545,7394,0
507,76.5962973237038,13.0554613596255,0,80.6312,92.893184,17342,15165,156,359274064,0.0602083206176758,7424.17276668549,3526.29310321808,7200,0
508,74.9820992350578,13.3365164512819,0,76.407,89.744384,16767,14594,163,350532562,0.0579671859741211,7424.18502521515,3526.32287693024,6977,0
509,78.4558951854706,12.7460147849437,0,74.881,80.487424,16904,15211,166,384154720,0.0579309463500977,7424.26857852936,3526.3526506424,6789,0
510,80.9480026364326,12.3536093224112,0,78.621,76.452864,16051,13973,163,371244732,0.0579671859741211,7424.34188556671,3526.38242435455,6567,0
511,79.4446021318436,12.5873876030046,0,80.7973,74.826752,15931,13873,163,381770179,0.060093879699707,7424.34665393829,3526.33607578278,6373,0
512,78.1544968485832,12.7951690602961,0,79.3225,78.312448,15499,13832,163,365585633,0.0578794479370117,7424.12990665436,3526.44384098053,6163,0
513,76.6388028860092,13.0482205141875,0,78.1073,80.835584,14907,13136,161,351644500,0.175000190734863,7424.26396274567,3526.47348117828,5927,0
514,75.7464021444321,13.2019471775467,0,76.121,79.343616,14688,13004,160,340499091,0.0578298568725586,7432.18199443817,3526.47348117828,5682,0
515,74.4168981909752,13.4378081364492,0,76.3876,78.051328,14434,12985,168,312299291,0.0601434707641602,7424.21296787262,3526.45677280426,5472,0
516,73.2136964797974,13.6586465112568,0,73.7783,76.515328,13894,12256,166,325613272,0.0578298568725586,7432.67845249176,3526.53489780426,5282,0
517,70.4418048262596,14.1961155377327,0,73.152,75.634688,13663,11923,172,321251760,0.0577821731567383,7428.22426128387,3526.59417819977,5211,0
518,72.4930018186569,13.7944349787242,0,70.3424,74.304512,13246,11730,166,331601971,0.0577936172485352,7424.2728471756,3526.60819339752,5075,0
519,70.0561031699181,14.2742738284278,0,72.7349,73.070592,13424,12193,162,348308680,0.0578298568725586,7424.35902881622,3526.63783359528,4945,0
